1500,Furkan Soysal,TIT101,90
1500,Ali Sevinc,CHEM101,60
1501,Arzu Erman,CHEM101,120
1501,Ahmet Esad Top,ENGR404,90
1501,Arzu Erman,CENG301,120
1502,Arzu Erman,TIT101,60
1502,Baha Sen,CENG209,60
1503,Arzu Erman,TIT101,120
1503,Arzu Erman,ENGR404,90
1504,Mustafa Yeniad,ENGR404,60
1504,Ali Sevinc,CENG301,90
1504,Mustafa Yeniad,CHEM101,60
1505,Mustafa Yeniad,TIT101,90
1505,Baha Sen,CHEM101,90
1506,Arzu Erman,TIT101,120
1506,Furkan Soysal,CENG209,120
1507,Ahmet Esad Top,ENGR404,90
1507,Mustafa Yeniad,CENG209,60
1507,Mustafa Yeniad,TIT101,60
1508,Furkan Soysal,TIT101,60
1508,Baha Sen,ENGR404,120
1509,Baha Sen,CENG317,120
1509,Ahmet Esad Top,ENGR404,120
1509,Ahmet Esad Top,CENG209,90
1510,Ahmet Esad Top,TIT101,120
1510,Mustafa Yeniad,CENG301,120
1511,Mustafa Yeniad,CENG209,60
1511,Baha Sen,ENGR404,90
1512,Arzu Erman,TIT101,90
1512,Arzu Erman,ENGR404,90
1513,Furkan Soysal,CENG209,120
1513,Furkan Soysal,ENGR404,90
1513,Ali Sevinc,TIT101,120
1514,Mustafa Yeniad,CHEM101,60
1514,Arzu Erman,CENG209,60
1515,Mustafa Yeniad,CENG301,90
1515,Ahmet Esad Top,CENG317,60
1516,Furkan Soysal,CENG317,90
1516,Ahmet Esad Top,CHEM101,120
1517,Arzu Erman,TIT101,60
1517,Ahmet Esad Top,CENG209,90
1518,Furkan Soysal,TIT101,120
1518,Baha Sen,CENG301,90
1518,Furkan Soysal,CENG317,90
1519,Arzu Erman,CHEM101,90
1519,Ahmet Esad Top,CENG209,90
1519,Baha Sen,CENG301,90
1520,Ali Sevinc,CHEM101,60
1520,Furkan Soysal,CENG301,120
1521,Arzu Erman,CENG301,90
1521,Ali Sevinc,CENG209,120
1521,Baha Sen,CHEM101,60
1522,Baha Sen,ENGR404,90
1522,Arzu Erman,CENG317,90
1522,Mustafa Yeniad,CENG301,90
1523,Ahmet Esad Top,CENG301,120
1523,Mustafa Yeniad,CENG317,90
1523,Furkan Soysal,CENG209,90
1524,Furkan Soysal,CHEM101,60
1524,Mustafa Yeniad,TIT101,90
1525,Furkan Soysal,CENG301,120
1525,Baha Sen,CHEM101,120
1526,Furkan Soysal,CHEM101,60
1526,Furkan Soysal,TIT101,60
1526,Ali Sevinc,CENG209,90
1527,Ali Sevinc,CENG317,120
1527,Ali Sevinc,TIT101,60
1527,Furkan Soysal,CENG209,60
1528,Baha Sen,CENG209,90
1528,Furkan Soysal,CHEM101,120
1529,Mustafa Yeniad,ENGR404,60
1529,Furkan Soysal,CENG317,120
1529,Arzu Erman,CENG209,120
1530,Furkan Soysal,TIT101,60
1530,Ali Sevinc,CENG209,120
1531,Arzu Erman,CENG317,60
1531,Baha Sen,CENG301,90
1531,Furkan Soysal,ENGR404,60
1532,Ali Sevinc,ENGR404,120
1532,Ahmet Esad Top,TIT101,90
1533,Ahmet Esad Top,CENG317,120
1533,Mustafa Yeniad,CHEM101,90
1534,Ali Sevinc,CENG209,120
1534,Ahmet Esad Top,TIT101,60
1535,Ahmet Esad Top,CENG209,60
1535,Arzu Erman,CENG301,60
1536,Furkan Soysal,ENGR404,60
1536,Ahmet Esad Top,CENG209,120
1536,Arzu Erman,CENG317,90
1537,Ali Sevinc,CENG301,120
1537,Arzu Erman,ENGR404,60
1538,Baha Sen,CHEM101,60
1538,Furkan Soysal,CENG317,120
1538,Ahmet Esad Top,TIT101,90
1539,Baha Sen,CENG301,60
1539,Ahmet Esad Top,CENG209,60
1540,Baha Sen,CENG317,90
1540,Arzu Erman,CHEM101,60
1541,Furkan Soysal,CENG209,60
1541,Ahmet Esad Top,CENG317,90
1541,Baha Sen,ENGR404,90
1542,Ahmet Esad Top,ENGR404,60
1542,Ali Sevinc,CHEM101,90
1542,Baha Sen,CENG317,90
1543,Baha Sen,CENG301,120
1543,Furkan Soysal,CENG317,90
1544,Furkan Soysal,CENG301,120
1544,Mustafa Yeniad,CENG209,120
1544,Furkan Soysal,ENGR404,90
1545,Furkan Soysal,ENGR404,60
1545,Mustafa Yeniad,CENG301,90
1546,Arzu Erman,ENGR404,60
1546,Ali Sevinc,CENG209,90
1546,Furkan Soysal,CENG301,120
1547,Baha Sen,CENG317,120
1547,Baha Sen,ENGR404,90
1547,Baha Sen,CENG209,120
1548,Ali Sevinc,TIT101,120
1548,Ahmet Esad Top,CHEM101,90
1549,Ali Sevinc,CENG317,60
1549,Baha Sen,CHEM101,60
1550,Ali Sevinc,TIT101,120
1550,Ahmet Esad Top,ENGR404,120
1551,Mustafa Yeniad,CENG317,90
1551,Ahmet Esad Top,CENG301,90
1552,Baha Sen,CENG209,120
1552,Baha Sen,ENGR404,120
1553,Mustafa Yeniad,CENG209,60
1553,Ahmet Esad Top,CHEM101,60
1553,Arzu Erman,ENGR404,90
1554,Arzu Erman,CENG317,60
1554,Ahmet Esad Top,CHEM101,60
1554,Mustafa Yeniad,ENGR404,120
1555,Mustafa Yeniad,CENG209,90
1555,Arzu Erman,ENGR404,60
1556,Ali Sevinc,CHEM101,120
1556,Furkan Soysal,ENGR404,90
1556,Arzu Erman,CENG317,120
1557,Mustafa Yeniad,CENG301,60
1557,Furkan Soysal,CENG209,60
1557,Ahmet Esad Top,ENGR404,90
1558,Ahmet Esad Top,CENG301,90
1558,Arzu Erman,CENG209,120
1558,Ali Sevinc,TIT101,90
1559,Baha Sen,ENGR404,60
1559,Furkan Soysal,TIT101,120
1559,Mustafa Yeniad,CENG317,120
1560,Ahmet Esad Top,CENG209,90
1560,Furkan Soysal,CHEM101,120
1561,Ahmet Esad Top,TIT101,60
1561,Furkan Soysal,CENG301,60
1562,Ahmet Esad Top,CENG317,90
1562,Mustafa Yeniad,CENG301,60
1563,Arzu Erman,CENG301,60
1563,Mustafa Yeniad,CENG209,120
1563,Ahmet Esad Top,TIT101,60
1564,Baha Sen,CENG301,90
1564,Mustafa Yeniad,CENG317,60
1564,Arzu Erman,CENG209,120
1565,Mustafa Yeniad,CENG317,60
1565,Ali Sevinc,ENGR404,90
1566,Baha Sen,CENG209,120
1566,Baha Sen,TIT101,120
1566,Ali Sevinc,CENG317,60
1567,Baha Sen,CENG209,60
1567,Furkan Soysal,CHEM101,60
1567,Mustafa Yeniad,ENGR404,60
1568,Mustafa Yeniad,CHEM101,60
1568,Arzu Erman,TIT101,60
1569,Baha Sen,CENG317,120
1569,Furkan Soysal,CENG301,60
1570,Arzu Erman,TIT101,90
1570,Mustafa Yeniad,CENG301,120
1571,Baha Sen,TIT101,90
1571,Ahmet Esad Top,CENG301,120
1572,Baha Sen,CENG317,120
1572,Baha Sen,CHEM101,90
1573,Arzu Erman,CHEM101,90
1573,Ali Sevinc,CENG301,120
1573,Baha Sen,TIT101,90
1574,Ahmet Esad Top,TIT101,60
1574,Ahmet Esad Top,CENG317,120
1574,Furkan Soysal,CENG301,90
1575,Arzu Erman,CHEM101,90
1575,Furkan Soysal,TIT101,120
1576,Ahmet Esad Top,CENG317,60
1576,Ahmet Esad Top,ENGR404,120
1576,Ali Sevinc,CENG301,120
1577,Furkan Soysal,TIT101,60
1577,Furkan Soysal,CENG317,60
1577,Mustafa Yeniad,CHEM101,90
1578,Baha Sen,CENG209,60
1578,Furkan Soysal,TIT101,90
1578,Mustafa Yeniad,CENG317,120
1579,Mustafa Yeniad,CENG209,120
1579,Mustafa Yeniad,TIT101,90
1579,Ahmet Esad Top,CENG317,60
1580,Arzu Erman,CENG209,60
1580,Mustafa Yeniad,ENGR404,120
1581,Furkan Soysal,CENG301,90
1581,Ali Sevinc,CENG317,90
1581,Furkan Soysal,ENGR404,120
1582,Furkan Soysal,CENG301,90
1582,Ahmet Esad Top,ENGR404,60
1583,Furkan Soysal,ENGR404,120
1583,Furkan Soysal,CENG301,90
1584,Arzu Erman,CENG317,60
1584,Arzu Erman,CENG209,90
1584,Ahmet Esad Top,CENG301,120
1585,Ali Sevinc,CENG317,90
1585,Ali Sevinc,CENG209,60
1585,Ali Sevinc,CHEM101,120
1586,Arzu Erman,CHEM101,60
1586,Mustafa Yeniad,TIT101,90
1587,Baha Sen,CENG301,120
1587,Ali Sevinc,ENGR404,120
1588,Baha Sen,CENG317,60
1588,Furkan Soysal,ENGR404,120
1589,Ali Sevinc,ENGR404,60
1589,Ali Sevinc,CENG317,60
1590,Furkan Soysal,TIT101,120
1590,Baha Sen,ENGR404,60
1590,Furkan Soysal,CHEM101,60
1591,Baha Sen,TIT101,60
1591,Arzu Erman,ENGR404,60
1591,Furkan Soysal,CHEM101,120
1592,Arzu Erman,TIT101,90
1592,Furkan Soysal,CHEM101,60
1592,Ali Sevinc,CENG317,60
1593,Furkan Soysal,ENGR404,120
1593,Ahmet Esad Top,CENG317,60
1593,Mustafa Yeniad,CHEM101,90
1594,Ali Sevinc,CENG209,120
1594,Baha Sen,TIT101,120
1594,Ali Sevinc,CHEM101,120
1595,Ali Sevinc,CENG301,60
1595,Furkan Soysal,TIT101,60
1596,Furkan Soysal,CENG209,120
1596,Mustafa Yeniad,CENG317,120
1597,Furkan Soysal,CHEM101,120
1597,Furkan Soysal,ENGR404,120
1598,Mustafa Yeniad,CENG209,90
1598,Mustafa Yeniad,CENG301,60
1598,Ali Sevinc,TIT101,120
1599,Baha Sen,CENG317,60
1599,Furkan Soysal,ENGR404,90
1600,Furkan Soysal,CENG301,120
1600,Arzu Erman,CENG209,90
1601,Mustafa Yeniad,TIT101,60
1601,Ahmet Esad Top,ENGR404,90
1601,Ali Sevinc,CENG301,120
1602,Arzu Erman,ENGR404,120
1602,Mustafa Yeniad,CENG317,60
1602,Furkan Soysal,CENG209,60
1603,Arzu Erman,CENG209,60
1603,Baha Sen,TIT101,60
1603,Mustafa Yeniad,CENG317,90
1604,Mustafa Yeniad,CHEM101,120
1604,Ahmet Esad Top,TIT101,90
1604,Arzu Erman,CENG209,90
1605,Arzu Erman,CENG301,120
1605,Arzu Erman,ENGR404,60
1606,Furkan Soysal,CHEM101,90
1606,Furkan Soysal,CENG301,90
1607,Baha Sen,CENG317,120
1607,Arzu Erman,CENG209,120
1607,Furkan Soysal,CENG301,120
1608,Furkan Soysal,CHEM101,60
1608,Furkan Soysal,CENG317,120
1608,Furkan Soysal,CENG209,60
1609,Mustafa Yeniad,CENG301,120
1609,Baha Sen,TIT101,60
1610,Arzu Erman,ENGR404,60
1610,Baha Sen,CENG209,120
1611,Ahmet Esad Top,CENG301,60
1611,Furkan Soysal,CENG317,90
1611,Ali Sevinc,CHEM101,120
1612,Mustafa Yeniad,CHEM101,120
1612,Ahmet Esad Top,CENG317,90
1612,Arzu Erman,ENGR404,120
1613,Furkan Soysal,TIT101,90
1613,Mustafa Yeniad,CENG317,120
1614,Arzu Erman,CENG317,120
1614,Ali Sevinc,TIT101,60
1614,Ahmet Esad Top,CHEM101,60
1615,Arzu Erman,CHEM101,60
1615,Mustafa Yeniad,TIT101,120
1616,Ahmet Esad Top,CENG209,60
1616,Mustafa Yeniad,CHEM101,90
1617,Baha Sen,ENGR404,60
1617,Furkan Soysal,CENG209,120
1618,Ahmet Esad Top,CENG301,120
1618,Ali Sevinc,CENG209,120
1618,Ahmet Esad Top,CENG317,60
1619,Ali Sevinc,CENG209,90
1619,Baha Sen,ENGR404,60
1620,Baha Sen,CENG209,60
1620,Ali Sevinc,CENG317,90
1620,Mustafa Yeniad,TIT101,90
1621,Baha Sen,CENG317,90
1621,Baha Sen,TIT101,120
1621,Arzu Erman,CENG209,120
1622,Mustafa Yeniad,CENG301,120
1622,Ahmet Esad Top,CHEM101,120
1623,Ahmet Esad Top,CENG317,60
1623,Ali Sevinc,CHEM101,120
1624,Arzu Erman,TIT101,90
1624,Ali Sevinc,CENG209,90
1625,Baha Sen,CENG317,90
1625,Furkan Soysal,CENG301,120
1626,Ali Sevinc,CENG209,60
1626,Ali Sevinc,ENGR404,90
1627,Furkan Soysal,CENG317,120
1627,Furkan Soysal,CENG301,60
1627,Arzu Erman,ENGR404,90
1628,Ali Sevinc,CHEM101,60
1628,Ali Sevinc,CENG317,120
1629,Arzu Erman,TIT101,60
1629,Arzu Erman,CENG209,60
1629,Baha Sen,CENG301,90
1630,Ali Sevinc,TIT101,60
1630,Baha Sen,CENG209,120
1631,Ali Sevinc,ENGR404,90
1631,Baha Sen,CENG209,120
1631,Ahmet Esad Top,TIT101,120
1632,Baha Sen,CENG301,120
1632,Ali Sevinc,CENG317,120
1633,Arzu Erman,CENG209,90
1633,Furkan Soysal,CHEM101,60
1633,Ahmet Esad Top,ENGR404,90
1634,Furkan Soysal,ENGR404,90
1634,Baha Sen,CENG209,60
1635,Arzu Erman,TIT101,90
1635,Arzu Erman,CENG301,120
1635,Furkan Soysal,ENGR404,60
1636,Furkan Soysal,TIT101,90
1636,Ahmet Esad Top,CENG301,90
1636,Arzu Erman,CENG209,120
1637,Baha Sen,TIT101,60
1637,Furkan Soysal,CENG301,60
1638,Ahmet Esad Top,CHEM101,120
1638,Mustafa Yeniad,ENGR404,60
1638,Baha Sen,CENG317,120
1639,Baha Sen,CENG209,60
1639,Mustafa Yeniad,CENG301,90
1639,Arzu Erman,CENG317,60
1640,Arzu Erman,CENG209,60
1640,Ali Sevinc,TIT101,60
1640,Furkan Soysal,CENG317,120
1641,Ahmet Esad Top,ENGR404,90
1641,Ahmet Esad Top,CENG301,120
1641,Furkan Soysal,TIT101,90
1642,Ali Sevinc,CHEM101,90
1642,Ahmet Esad Top,ENGR404,120
1643,Ahmet Esad Top,ENGR404,60
1643,Baha Sen,TIT101,120
1644,Furkan Soysal,CENG317,120
1644,Furkan Soysal,TIT101,120
1645,Furkan Soysal,ENGR404,60
1645,Mustafa Yeniad,CHEM101,60
1646,Furkan Soysal,CENG209,120
1646,Arzu Erman,CENG317,90
1647,Furkan Soysal,CHEM101,90
1647,Baha Sen,CENG209,60
1647,Ali Sevinc,TIT101,60
1648,Ali Sevinc,CENG301,90
1648,Baha Sen,CENG317,90
1648,Ali Sevinc,CHEM101,120
1649,Furkan Soysal,CENG301,90
1649,Ali Sevinc,CENG209,90
1649,Arzu Erman,TIT101,60
1650,Furkan Soysal,CENG209,120
1650,Mustafa Yeniad,CENG301,120
1651,Arzu Erman,TIT101,60
1651,Mustafa Yeniad,ENGR404,60
1652,Furkan Soysal,CENG317,120
1652,Mustafa Yeniad,TIT101,60
1652,Mustafa Yeniad,CHEM101,120
1653,Arzu Erman,CENG209,60
1653,Arzu Erman,TIT101,120
1654,Baha Sen,CENG209,120
1654,Ahmet Esad Top,TIT101,90
1654,Mustafa Yeniad,CHEM101,120
1655,Furkan Soysal,TIT101,120
1655,Baha Sen,CENG317,120
1655,Furkan Soysal,CHEM101,120
1656,Baha Sen,ENGR404,120
1656,Ahmet Esad Top,CHEM101,120
1657,Ahmet Esad Top,CENG317,60
1657,Mustafa Yeniad,TIT101,90
1658,Ahmet Esad Top,CHEM101,60
1658,Arzu Erman,ENGR404,90
1658,Arzu Erman,CENG209,60
1659,Mustafa Yeniad,TIT101,120
1659,Ahmet Esad Top,CENG317,120
1659,Mustafa Yeniad,CENG209,60
1660,Arzu Erman,CENG209,60
1660,Baha Sen,ENGR404,120
1661,Baha Sen,CHEM101,120
1661,Ahmet Esad Top,ENGR404,120
1662,Ahmet Esad Top,CENG301,120
1662,Baha Sen,CENG317,90
1662,Ahmet Esad Top,TIT101,120
1663,Arzu Erman,ENGR404,90
1663,Furkan Soysal,CENG317,60
1663,Baha Sen,CHEM101,90
1664,Furkan Soysal,CHEM101,90
1664,Furkan Soysal,TIT101,90
1664,Mustafa Yeniad,CENG209,60
1665,Ahmet Esad Top,ENGR404,120
1665,Ahmet Esad Top,TIT101,120
1666,Arzu Erman,ENGR404,120
1666,Ahmet Esad Top,CENG301,90
1666,Furkan Soysal,TIT101,120
1667,Ali Sevinc,CENG209,120
1667,Ali Sevinc,CENG317,60
1667,Mustafa Yeniad,ENGR404,120
1668,Baha Sen,CENG209,120
1668,Ahmet Esad Top,CHEM101,90
1668,Ahmet Esad Top,ENGR404,90
1669,Ahmet Esad Top,TIT101,60
1669,Baha Sen,CHEM101,120
1670,Mustafa Yeniad,CENG301,60
1670,Baha Sen,CENG317,120
1671,Baha Sen,CENG317,120
1671,Ahmet Esad Top,CENG301,120
1671,Ali Sevinc,ENGR404,60
1672,Arzu Erman,CENG301,90
1672,Arzu Erman,CHEM101,120
1673,Mustafa Yeniad,TIT101,60
1673,Ahmet Esad Top,CENG301,60
1673,Ali Sevinc,CENG209,60
1674,Baha Sen,CENG301,120
1674,Furkan Soysal,ENGR404,60
1675,Mustafa Yeniad,CENG317,60
1675,Ali Sevinc,TIT101,60
1675,Furkan Soysal,CENG301,90
1676,Furkan Soysal,CENG301,90
1676,Arzu Erman,ENGR404,120
1677,Baha Sen,TIT101,120
1677,Ahmet Esad Top,CENG301,90
1677,Mustafa Yeniad,CENG317,90
1678,Mustafa Yeniad,CENG209,90
1678,Baha Sen,CENG301,90
1678,Mustafa Yeniad,CENG317,60
1679,Arzu Erman,CENG209,90
1679,Arzu Erman,CENG317,90
1679,Ahmet Esad Top,CHEM101,120
1680,Mustafa Yeniad,CENG301,90
1680,Ali Sevinc,ENGR404,60
1680,Ali Sevinc,CHEM101,120
1681,Mustafa Yeniad,TIT101,90
1681,Ahmet Esad Top,CENG317,60
1682,Arzu Erman,TIT101,60
1682,Mustafa Yeniad,CHEM101,120
1683,Mustafa Yeniad,CENG317,60
1683,Arzu Erman,ENGR404,90
1684,Ali Sevinc,CENG209,90
1684,Ali Sevinc,CENG317,120
1684,Baha Sen,TIT101,60
1685,Ahmet Esad Top,CHEM101,60
1685,Mustafa Yeniad,CENG317,90
1686,Baha Sen,CENG209,120
1686,Arzu Erman,CENG301,60
1686,Ahmet Esad Top,CHEM101,120
1687,Arzu Erman,CENG209,120
1687,Mustafa Yeniad,CENG317,90
1687,Ahmet Esad Top,CENG301,90
1688,Arzu Erman,CENG209,90
1688,Baha Sen,CHEM101,120
1689,Ali Sevinc,TIT101,120
1689,Ahmet Esad Top,ENGR404,60
1689,Ali Sevinc,CHEM101,90
1690,Arzu Erman,TIT101,120
1690,Mustafa Yeniad,CENG317,120
1691,Arzu Erman,CENG317,90
1691,Arzu Erman,CHEM101,90
1692,Ali Sevinc,TIT101,60
1692,Furkan Soysal,CENG209,120
1693,Furkan Soysal,ENGR404,120
1693,Ahmet Esad Top,CENG301,90
1693,Ahmet Esad Top,CENG209,90
1694,Baha Sen,TIT101,60
1694,Furkan Soysal,CENG301,120
1695,Baha Sen,ENGR404,90
1695,Baha Sen,TIT101,120
1695,Ahmet Esad Top,CHEM101,90
1696,Mustafa Yeniad,ENGR404,60
1696,Furkan Soysal,CENG317,60
1697,Furkan Soysal,CENG301,120
1697,Ali Sevinc,CHEM101,120
1698,Baha Sen,CENG317,60
1698,Furkan Soysal,TIT101,90
1698,Ahmet Esad Top,CHEM101,60
1699,Mustafa Yeniad,CENG209,60
1699,Arzu Erman,CENG317,90
1700,Arzu Erman,CENG301,90
1700,Mustafa Yeniad,TIT101,60
1701,Baha Sen,CENG301,90
1701,Ahmet Esad Top,CENG209,60
1701,Ahmet Esad Top,CENG317,90
1702,Ali Sevinc,CENG317,60
1702,Ahmet Esad Top,CENG301,120
1702,Furkan Soysal,ENGR404,90
1703,Ali Sevinc,CENG209,90
1703,Arzu Erman,TIT101,90
1704,Furkan Soysal,CHEM101,120
1704,Ahmet Esad Top,TIT101,120
1704,Arzu Erman,CENG317,90
1705,Ali Sevinc,CHEM101,90
1705,Furkan Soysal,ENGR404,120
1706,Furkan Soysal,ENGR404,60
1706,Arzu Erman,CENG317,90
1707,Baha Sen,TIT101,120
1707,Mustafa Yeniad,ENGR404,60
1707,Furkan Soysal,CENG317,120
1708,Furkan Soysal,CENG317,120
1708,Ahmet Esad Top,CHEM101,90
1709,Furkan Soysal,CENG209,90
1709,Arzu Erman,ENGR404,90
1709,Ali Sevinc,CENG301,90
1710,Mustafa Yeniad,CENG317,120
1710,Furkan Soysal,CENG209,120
1710,Mustafa Yeniad,CHEM101,120
1711,Arzu Erman,CHEM101,60
1711,Furkan Soysal,CENG301,60
1711,Furkan Soysal,CENG209,90
1712,Mustafa Yeniad,CENG209,120
1712,Arzu Erman,CENG301,90
1712,Arzu Erman,ENGR404,120
1713,Mustafa Yeniad,CENG209,90
1713,Baha Sen,CHEM101,60
1713,Baha Sen,CENG317,120
1714,Baha Sen,TIT101,60
1714,Ahmet Esad Top,CHEM101,60
1715,Furkan Soysal,CENG209,60
1715,Mustafa Yeniad,CHEM101,60
1715,Baha Sen,CENG301,60
1716,Ahmet Esad Top,CENG209,90
1716,Baha Sen,CHEM101,60
1717,Mustafa Yeniad,CENG317,90
1717,Ahmet Esad Top,CENG209,60
1717,Ahmet Esad Top,CHEM101,120
1718,Ahmet Esad Top,CENG301,60
1718,Furkan Soysal,TIT101,60
1718,Baha Sen,ENGR404,90
1719,Mustafa Yeniad,CHEM101,60
1719,Ahmet Esad Top,TIT101,60
1719,Baha Sen,CENG317,120
1720,Arzu Erman,CENG209,60
1720,Ali Sevinc,CENG317,90
1720,Ahmet Esad Top,ENGR404,60
1721,Baha Sen,CENG301,60
1721,Baha Sen,CENG209,60
1722,Ali Sevinc,CENG317,120
1722,Baha Sen,ENGR404,120
1722,Arzu Erman,CHEM101,90
1723,Furkan Soysal,ENGR404,90
1723,Furkan Soysal,TIT101,120
1724,Ali Sevinc,CHEM101,60
1724,Furkan Soysal,CENG301,90
1724,Ali Sevinc,CENG209,60
1725,Ahmet Esad Top,CENG317,120
1725,Furkan Soysal,ENGR404,120
1726,Mustafa Yeniad,TIT101,90
1726,Baha Sen,CENG301,120
1727,Ahmet Esad Top,CHEM101,120
1727,Ahmet Esad Top,CENG317,90
1727,Ali Sevinc,CENG301,90
1728,Baha Sen,ENGR404,120
1728,Ahmet Esad Top,CENG317,120
1728,Ahmet Esad Top,TIT101,60
1729,Baha Sen,CENG209,90
1729,Mustafa Yeniad,TIT101,60
1729,Ali Sevinc,ENGR404,90
1730,Mustafa Yeniad,CENG317,60
1730,Furkan Soysal,ENGR404,90
1730,Mustafa Yeniad,TIT101,60
1731,Arzu Erman,CHEM101,60
1731,Baha Sen,ENGR404,90
1731,Baha Sen,CENG301,60
1732,Ahmet Esad Top,ENGR404,90
1732,Baha Sen,CENG301,90
1733,Ahmet Esad Top,CENG209,60
1733,Ali Sevinc,TIT101,90
1733,Arzu Erman,CENG301,60
1734,Ali Sevinc,ENGR404,90
1734,Ali Sevinc,TIT101,90
1734,Ahmet Esad Top,CENG301,120
1735,Furkan Soysal,CENG317,90
1735,Ahmet Esad Top,CHEM101,90
1735,Ahmet Esad Top,ENGR404,60
1736,Arzu Erman,CENG209,90
1736,Ali Sevinc,CHEM101,60
1737,Mustafa Yeniad,ENGR404,60
1737,Ahmet Esad Top,CENG209,60
1737,Furkan Soysal,TIT101,120
1738,Mustafa Yeniad,CHEM101,60
1738,Ali Sevinc,CENG301,120
1738,Mustafa Yeniad,TIT101,120
1739,Mustafa Yeniad,CENG209,120
1739,Ahmet Esad Top,CENG317,120
1740,Arzu Erman,TIT101,90
1740,Arzu Erman,CENG317,60
1740,Ahmet Esad Top,ENGR404,90
1741,Mustafa Yeniad,CHEM101,120
1741,Furkan Soysal,CENG209,120
1741,Furkan Soysal,CENG301,120
1742,Ali Sevinc,CHEM101,90
1742,Ahmet Esad Top,ENGR404,60
1743,Ali Sevinc,CENG317,120
1743,Arzu Erman,TIT101,120
1744,Arzu Erman,TIT101,90
1744,Furkan Soysal,CENG209,90
1744,Ahmet Esad Top,CENG317,60
1745,Mustafa Yeniad,ENGR404,90
1745,Mustafa Yeniad,CENG317,90
1745,Ali Sevinc,CHEM101,120
1746,Arzu Erman,TIT101,120
1746,Arzu Erman,ENGR404,60
1747,Ahmet Esad Top,CENG209,60
1747,Furkan Soysal,CHEM101,60
1747,Mustafa Yeniad,CENG301,120
1748,Ali Sevinc,ENGR404,120
1748,Furkan Soysal,CHEM101,60
1749,Arzu Erman,CHEM101,90
1749,Ali Sevinc,ENGR404,60
1749,Arzu Erman,CENG317,60
1750,Mustafa Yeniad,ENGR404,120
1750,Arzu Erman,CENG317,90
1751,Mustafa Yeniad,CENG209,60
1751,Ahmet Esad Top,CENG317,90
1752,Furkan Soysal,TIT101,90
1752,Arzu Erman,CENG317,120
1753,Arzu Erman,CENG209,120
1753,Arzu Erman,TIT101,120
1753,Arzu Erman,CENG317,60
1754,Ali Sevinc,CENG317,60
1754,Furkan Soysal,CENG301,120
1754,Mustafa Yeniad,CENG209,60
1755,Mustafa Yeniad,CENG209,60
1755,Arzu Erman,TIT101,120
1756,Mustafa Yeniad,CENG317,90
1756,Ali Sevinc,ENGR404,90
1756,Mustafa Yeniad,CENG301,90
1757,Ahmet Esad Top,ENGR404,120
1757,Furkan Soysal,CHEM101,120
1757,Ali Sevinc,CENG301,60
1758,Furkan Soysal,TIT101,120
1758,Furkan Soysal,CENG317,120
1759,Baha Sen,CENG301,60
1759,Ahmet Esad Top,CENG209,120
1760,Baha Sen,CENG301,90
1760,Ahmet Esad Top,TIT101,120
1761,Baha Sen,CENG301,120
1761,Baha Sen,CENG209,90
1762,Ahmet Esad Top,CENG317,120
1762,Ali Sevinc,TIT101,60
1763,Baha Sen,CENG301,120
1763,Ali Sevinc,CHEM101,120
1764,Ahmet Esad Top,CENG317,60
1764,Baha Sen,CENG301,90
1765,Arzu Erman,CENG317,120
1765,Mustafa Yeniad,CENG209,90
1766,Ali Sevinc,CENG317,90
1766,Arzu Erman,CENG301,60
1766,Ali Sevinc,TIT101,120
1767,Furkan Soysal,CENG209,60
1767,Ali Sevinc,CENG301,90
1767,Mustafa Yeniad,CHEM101,90
1768,Arzu Erman,CENG301,90
1768,Furkan Soysal,CENG317,120
1769,Ali Sevinc,TIT101,120
1769,Ahmet Esad Top,CENG317,90
1769,Arzu Erman,CENG209,120
1770,Baha Sen,CENG317,120
1770,Ali Sevinc,TIT101,120
1771,Ahmet Esad Top,CHEM101,120
1771,Ali Sevinc,CENG209,120
1772,Ali Sevinc,CENG209,120
1772,Baha Sen,TIT101,120
1773,Ahmet Esad Top,ENGR404,90
1773,Ahmet Esad Top,CENG209,120
1773,Baha Sen,CHEM101,60
1774,Arzu Erman,CENG301,120
1774,Ali Sevinc,TIT101,120
1774,Arzu Erman,ENGR404,90
1775,Arzu Erman,CENG317,120
1775,Ali Sevinc,CENG209,120
1776,Arzu Erman,CENG209,90
1776,Ahmet Esad Top,ENGR404,120
1776,Mustafa Yeniad,CENG317,90
1777,Ali Sevinc,CENG301,60
1777,Ahmet Esad Top,CHEM101,120
1777,Mustafa Yeniad,ENGR404,60
1778,Ali Sevinc,CENG301,90
1778,Baha Sen,TIT101,60
1778,Ali Sevinc,CENG209,120
1779,Baha Sen,CENG301,120
1779,Ahmet Esad Top,CHEM101,60
1780,Baha Sen,CENG301,120
1780,Ahmet Esad Top,CENG209,90
1780,Furkan Soysal,CHEM101,90
1781,Mustafa Yeniad,ENGR404,60
1781,Arzu Erman,CENG317,60
1782,Mustafa Yeniad,CENG301,120
1782,Furkan Soysal,CENG209,90
1783,Ali Sevinc,ENGR404,90
1783,Baha Sen,CENG317,90
1783,Ali Sevinc,TIT101,120
1784,Baha Sen,CHEM101,120
1784,Baha Sen,CENG317,120
1785,Furkan Soysal,CHEM101,60
1785,Ahmet Esad Top,ENGR404,60
1786,Mustafa Yeniad,CENG209,120
1786,Arzu Erman,CENG301,90
1787,Furkan Soysal,CENG301,120
1787,Ali Sevinc,ENGR404,90
1788,Ahmet Esad Top,ENGR404,90
1788,Furkan Soysal,CENG317,120
1788,Ali Sevinc,CENG209,120
1789,Ali Sevinc,TIT101,90
1789,Ahmet Esad Top,CENG209,60
1790,Ahmet Esad Top,TIT101,60
1790,Ahmet Esad Top,CENG301,120
1790,Mustafa Yeniad,CHEM101,90
1791,Ali Sevinc,TIT101,120
1791,Furkan Soysal,CENG317,90
1792,Arzu Erman,TIT101,90
1792,Baha Sen,CENG301,60
1793,Ahmet Esad Top,CENG209,90
1793,Baha Sen,CENG317,120
1794,Baha Sen,CENG301,60
1794,Ali Sevinc,CENG209,90
1795,Furkan Soysal,CENG209,60
1795,Ali Sevinc,CHEM101,90
1795,Ali Sevinc,TIT101,60
1796,Arzu Erman,CENG209,60
1796,Mustafa Yeniad,TIT101,60
1796,Ahmet Esad Top,ENGR404,60
1797,Arzu Erman,CENG301,90
1797,Furkan Soysal,CHEM101,90
1798,Mustafa Yeniad,CENG301,60
1798,Mustafa Yeniad,CHEM101,60
1799,Ali Sevinc,CHEM101,60
1799,Arzu Erman,CENG301,60
1799,Ali Sevinc,TIT101,120
1800,Furkan Soysal,CENG209,60
1800,Furkan Soysal,CENG317,90
1800,Arzu Erman,TIT101,90
1801,Arzu Erman,TIT101,90
1801,Ali Sevinc,CHEM101,90
1802,Ahmet Esad Top,TIT101,90
1802,Furkan Soysal,ENGR404,120
1802,Arzu Erman,CENG301,60
1803,Ahmet Esad Top,CHEM101,60
1803,Arzu Erman,CENG209,90
1803,Ahmet Esad Top,CENG301,90
1804,Ahmet Esad Top,CHEM101,120
1804,Ali Sevinc,CENG317,120
1804,Baha Sen,TIT101,60
1805,Baha Sen,ENGR404,60
1805,Ali Sevinc,TIT101,60
1805,Furkan Soysal,CENG301,60
1806,Arzu Erman,ENGR404,60
1806,Baha Sen,CENG209,120
1806,Ali Sevinc,CENG301,90
1807,Ahmet Esad Top,CENG317,90
1807,Ahmet Esad Top,CENG301,120
1808,Ahmet Esad Top,CENG209,120
1808,Arzu Erman,CENG317,90
1809,Mustafa Yeniad,CENG209,90
1809,Ahmet Esad Top,CENG301,60
1809,Arzu Erman,ENGR404,120
1810,Ali Sevinc,TIT101,90
1810,Arzu Erman,CENG301,90
1810,Baha Sen,CENG317,90
1811,Mustafa Yeniad,CENG209,60
1811,Ahmet Esad Top,CHEM101,90
1812,Ahmet Esad Top,CENG209,90
1812,Arzu Erman,CHEM101,60
1812,Arzu Erman,ENGR404,120
1813,Ahmet Esad Top,CENG301,60
1813,Furkan Soysal,TIT101,90
1814,Mustafa Yeniad,CHEM101,60
1814,Mustafa Yeniad,CENG317,90
1815,Ali Sevinc,CENG209,120
1815,Furkan Soysal,TIT101,120
1815,Ali Sevinc,CHEM101,60
1816,Furkan Soysal,CENG301,120
1816,Ahmet Esad Top,ENGR404,120
1817,Mustafa Yeniad,CENG301,60
1817,Mustafa Yeniad,CENG317,120
1818,Arzu Erman,CENG209,60
1818,Furkan Soysal,TIT101,90
1819,Baha Sen,CENG209,60
1819,Baha Sen,CENG317,120
1820,Furkan Soysal,ENGR404,60
1820,Ahmet Esad Top,CHEM101,120
1821,Arzu Erman,CENG209,90
1821,Arzu Erman,ENGR404,90
1821,Baha Sen,TIT101,90
1822,Ahmet Esad Top,ENGR404,120
1822,Arzu Erman,CHEM101,90
1823,Furkan Soysal,CENG301,60
1823,Ali Sevinc,CENG209,120
1824,Ahmet Esad Top,CHEM101,90
1824,Baha Sen,CENG209,90
1824,Baha Sen,CENG301,60
1825,Ahmet Esad Top,CENG301,90
1825,Ahmet Esad Top,CENG317,120
1826,Baha Sen,TIT101,60
1826,Arzu Erman,ENGR404,120
1826,Furkan Soysal,CENG301,60
1827,Mustafa Yeniad,CENG209,90
1827,Baha Sen,CENG301,90
1827,Ahmet Esad Top,TIT101,120
1828,Ahmet Esad Top,CENG301,60
1828,Arzu Erman,CHEM101,60
1828,Ahmet Esad Top,ENGR404,60
1829,Ahmet Esad Top,CENG301,60
1829,Mustafa Yeniad,ENGR404,120
1829,Furkan Soysal,CENG209,90
1830,Furkan Soysal,TIT101,120
1830,Baha Sen,CENG317,60
1831,Mustafa Yeniad,CENG209,60
1831,Ali Sevinc,ENGR404,90
1832,Ali Sevinc,CHEM101,120
1832,Furkan Soysal,ENGR404,120
1833,Ali Sevinc,ENGR404,120
1833,Furkan Soysal,CHEM101,120
1833,Ahmet Esad Top,CENG317,120
1834,Arzu Erman,CENG301,60
1834,Ali Sevinc,CHEM101,60
1834,Furkan Soysal,CENG209,120
1835,Furkan Soysal,ENGR404,120
1835,Furkan Soysal,CENG317,90
1835,Baha Sen,CENG301,120
1836,Furkan Soysal,CENG209,90
1836,Arzu Erman,CENG317,120
1837,Ahmet Esad Top,CENG209,60
1837,Ali Sevinc,CENG301,60
1838,Ali Sevinc,ENGR404,60
1838,Baha Sen,CHEM101,60
1839,Mustafa Yeniad,CENG209,60
1839,Arzu Erman,CENG301,90
1839,Arzu Erman,CENG317,60
1840,Mustafa Yeniad,CHEM101,60
1840,Ahmet Esad Top,CENG301,120
1840,Furkan Soysal,ENGR404,90
1841,Arzu Erman,CHEM101,60
1841,Furkan Soysal,CENG209,120
1842,Baha Sen,TIT101,60
1842,Arzu Erman,CENG209,90
1842,Baha Sen,CENG301,60
1843,Furkan Soysal,CHEM101,90
1843,Mustafa Yeniad,CENG317,90
1843,Ali Sevinc,CENG209,60
1844,Baha Sen,CENG209,60
1844,Baha Sen,ENGR404,120
1844,Mustafa Yeniad,CENG317,60
1845,Arzu Erman,CENG209,90
1845,Arzu Erman,TIT101,120
1846,Mustafa Yeniad,TIT101,90
1846,Furkan Soysal,CHEM101,60
1847,Ahmet Esad Top,CENG209,120
1847,Ahmet Esad Top,CHEM101,120
1847,Furkan Soysal,CENG301,60
1848,Baha Sen,CENG317,60
1848,Baha Sen,CENG301,90
1848,Mustafa Yeniad,CENG209,120
1849,Baha Sen,TIT101,120
1849,Furkan Soysal,CENG301,120
1849,Ali Sevinc,ENGR404,60
1850,Ahmet Esad Top,ENGR404,60
1850,Arzu Erman,TIT101,90
1851,Mustafa Yeniad,CENG209,120
1851,Baha Sen,ENGR404,90
1851,Furkan Soysal,TIT101,90
1852,Ali Sevinc,TIT101,60
1852,Arzu Erman,CENG317,90
1852,Baha Sen,CENG209,120
1853,Arzu Erman,TIT101,60
1853,Ahmet Esad Top,CENG209,120
1854,Baha Sen,CHEM101,90
1854,Arzu Erman,CENG301,120
1855,Ahmet Esad Top,CENG317,60
1855,Baha Sen,ENGR404,90
1856,Mustafa Yeniad,TIT101,120
1856,Arzu Erman,CHEM101,90
1856,Furkan Soysal,ENGR404,120
1857,Baha Sen,CHEM101,60
1857,Mustafa Yeniad,CENG317,90
1857,Ahmet Esad Top,CENG209,90
1858,Furkan Soysal,CENG209,120
1858,Furkan Soysal,CHEM101,60
1858,Arzu Erman,CENG317,60
1859,Ali Sevinc,CENG317,60
1859,Mustafa Yeniad,CHEM101,120
1860,Ahmet Esad Top,CENG317,90
1860,Furkan Soysal,ENGR404,60
1860,Arzu Erman,TIT101,120
1861,Mustafa Yeniad,CENG209,60
1861,Baha Sen,CENG317,60
1861,Ahmet Esad Top,CHEM101,60
1862,Mustafa Yeniad,CENG209,90
1862,Arzu Erman,CHEM101,60
1862,Arzu Erman,CENG301,90
1863,Mustafa Yeniad,CENG301,90
1863,Ahmet Esad Top,ENGR404,120
1864,Mustafa Yeniad,CHEM101,60
1864,Furkan Soysal,TIT101,60
1865,Baha Sen,CENG317,60
1865,Arzu Erman,CENG301,90
1866,Ahmet Esad Top,ENGR404,90
1866,Ali Sevinc,CENG301,120
1866,Furkan Soysal,TIT101,60
1867,Furkan Soysal,ENGR404,120
1867,Mustafa Yeniad,CENG209,120
1868,Ahmet Esad Top,ENGR404,120
1868,Baha Sen,CHEM101,90
1868,Ahmet Esad Top,TIT101,90
1869,Ali Sevinc,ENGR404,60
1869,Arzu Erman,TIT101,120
1870,Ali Sevinc,CENG301,60
1870,Baha Sen,ENGR404,90
1870,Baha Sen,TIT101,90
1871,Baha Sen,ENGR404,120
1871,Ali Sevinc,CENG317,60
1871,Mustafa Yeniad,TIT101,90
1872,Arzu Erman,ENGR404,90
1872,Ali Sevinc,CENG301,120
1872,Furkan Soysal,CENG317,60
1873,Baha Sen,CHEM101,60
1873,Ahmet Esad Top,CENG301,120
1874,Arzu Erman,CHEM101,90
1874,Arzu Erman,ENGR404,120
1875,Mustafa Yeniad,CENG317,60
1875,Baha Sen,CENG301,120
1876,Arzu Erman,CENG301,60
1876,Ali Sevinc,CENG317,90
1876,Mustafa Yeniad,CENG209,60
1877,Arzu Erman,CENG317,90
1877,Furkan Soysal,CHEM101,60
1877,Ahmet Esad Top,CENG301,120
1878,Baha Sen,CENG209,90
1878,Mustafa Yeniad,CENG317,90
1879,Arzu Erman,CENG209,120
1879,Ali Sevinc,CENG317,120
1879,Baha Sen,CHEM101,90
1880,Baha Sen,CENG317,120
1880,Baha Sen,ENGR404,120
1881,Ali Sevinc,CENG301,120
1881,Ali Sevinc,CENG209,60
1881,Furkan Soysal,TIT101,90
1882,Ahmet Esad Top,ENGR404,120
1882,Furkan Soysal,CENG209,120
1882,Ahmet Esad Top,CENG301,90
1883,Baha Sen,CHEM101,120
1883,Furkan Soysal,TIT101,60
1883,Baha Sen,ENGR404,120
1884,Ali Sevinc,CHEM101,60
1884,Furkan Soysal,CENG209,60
1885,Ali Sevinc,CENG317,60
1885,Furkan Soysal,CENG209,120
1885,Baha Sen,ENGR404,90
1886,Mustafa Yeniad,CENG301,60
1886,Ahmet Esad Top,CHEM101,60
1887,Furkan Soysal,TIT101,90
1887,Ahmet Esad Top,CHEM101,60
1887,Furkan Soysal,ENGR404,90
1888,Mustafa Yeniad,TIT101,90
1888,Ahmet Esad Top,CHEM101,120
1889,Arzu Erman,CHEM101,90
1889,Ali Sevinc,ENGR404,120
1890,Baha Sen,CENG301,60
1890,Mustafa Yeniad,CENG209,60
1891,Arzu Erman,CENG317,120
1891,Furkan Soysal,TIT101,120
1892,Ahmet Esad Top,CHEM101,90
1892,Ahmet Esad Top,CENG317,120
1892,Ahmet Esad Top,TIT101,60
1893,Mustafa Yeniad,ENGR404,90
1893,Ali Sevinc,CENG209,90
1893,Ali Sevinc,CENG317,120
1894,Ahmet Esad Top,TIT101,120
1894,Ahmet Esad Top,CENG209,120
1894,Furkan Soysal,CENG317,60
1895,Arzu Erman,CENG209,120
1895,Arzu Erman,CHEM101,120
1896,Arzu Erman,CENG209,90
1896,Arzu Erman,ENGR404,60
1896,Ali Sevinc,CHEM101,60
1897,Ali Sevinc,CENG209,120
1897,Ali Sevinc,CHEM101,60
1898,Ali Sevinc,CENG301,60
1898,Ali Sevinc,CENG317,90
1899,Ali Sevinc,CHEM101,120
1899,Ali Sevinc,CENG301,60
1899,Ahmet Esad Top,ENGR404,90
1900,Mustafa Yeniad,CENG301,90
1900,Baha Sen,CENG317,60
1901,Ahmet Esad Top,CHEM101,90
1901,Baha Sen,ENGR404,120
1902,Arzu Erman,ENGR404,90
1902,Arzu Erman,CHEM101,120
1903,Mustafa Yeniad,CENG209,90
1903,Baha Sen,CENG301,60
1903,Baha Sen,TIT101,120
1904,Ahmet Esad Top,TIT101,120
1904,Ali Sevinc,ENGR404,120
1905,Arzu Erman,CENG301,90
1905,Ali Sevinc,CHEM101,90
1905,Ahmet Esad Top,TIT101,120
1906,Ahmet Esad Top,TIT101,90
1906,Ali Sevinc,CENG301,120
1906,Mustafa Yeniad,CHEM101,60
1907,Ali Sevinc,ENGR404,120
1907,Baha Sen,CENG209,90
1907,Ahmet Esad Top,CENG317,120
1908,Ali Sevinc,TIT101,120
1908,Baha Sen,CENG209,120
1908,Arzu Erman,CHEM101,120
1909,Furkan Soysal,ENGR404,60
1909,Ahmet Esad Top,CENG317,90
1910,Baha Sen,CENG317,120
1910,Ahmet Esad Top,ENGR404,60
1911,Baha Sen,CENG301,120
1911,Furkan Soysal,ENGR404,60
1912,Ali Sevinc,ENGR404,90
1912,Ahmet Esad Top,CHEM101,60
1913,Arzu Erman,ENGR404,120
1913,Ali Sevinc,CENG209,90
1914,Ali Sevinc,CENG317,60
1914,Ahmet Esad Top,CENG301,90
1914,Arzu Erman,ENGR404,60
1915,Ali Sevinc,CENG209,90
1915,Ali Sevinc,TIT101,90
1915,Ali Sevinc,CENG317,60
1916,Mustafa Yeniad,TIT101,90
1916,Mustafa Yeniad,ENGR404,120
1917,Baha Sen,TIT101,60
1917,Mustafa Yeniad,CENG317,120
1918,Baha Sen,ENGR404,90
1918,Baha Sen,CENG317,120
1919,Ali Sevinc,ENGR404,90
1919,Baha Sen,CENG209,60
1920,Mustafa Yeniad,TIT101,120
1920,Ali Sevinc,CHEM101,60
1921,Furkan Soysal,CENG301,60
1921,Arzu Erman,CENG209,60
1922,Ahmet Esad Top,ENGR404,120
1922,Baha Sen,CENG209,120
1922,Mustafa Yeniad,CHEM101,90
1923,Ali Sevinc,CENG317,90
1923,Baha Sen,ENGR404,90
1923,Furkan Soysal,TIT101,60
1924,Mustafa Yeniad,CHEM101,60
1924,Baha Sen,CENG209,90
1924,Ahmet Esad Top,CENG317,120
1925,Arzu Erman,CENG317,120
1925,Ali Sevinc,CENG301,90
1926,Ali Sevinc,CENG301,120
1926,Ahmet Esad Top,CENG317,90
1927,Mustafa Yeniad,CENG317,60
1927,Furkan Soysal,CENG301,60
1928,Furkan Soysal,CENG301,120
1928,Arzu Erman,CHEM101,90
1928,Ahmet Esad Top,CENG209,90
1929,Ahmet Esad Top,ENGR404,60
1929,Ahmet Esad Top,CENG317,90
1929,Mustafa Yeniad,TIT101,90
1930,Mustafa Yeniad,CENG301,120
1930,Furkan Soysal,CHEM101,90
1931,Ali Sevinc,ENGR404,120
1931,Mustafa Yeniad,TIT101,90
1931,Furkan Soysal,CHEM101,60
1932,Mustafa Yeniad,CENG209,90
1932,Furkan Soysal,TIT101,120
1933,Ahmet Esad Top,TIT101,60
1933,Ali Sevinc,CENG317,120
1934,Baha Sen,CENG317,90
1934,Furkan Soysal,ENGR404,60
1934,Ahmet Esad Top,CENG209,120
1935,Baha Sen,CENG317,90
1935,Furkan Soysal,CENG301,60
1935,Ahmet Esad Top,CHEM101,60
1936,Baha Sen,CENG301,60
1936,Mustafa Yeniad,CENG317,90
1936,Mustafa Yeniad,ENGR404,90
1937,Ali Sevinc,TIT101,120
1937,Arzu Erman,CHEM101,90
1937,Furkan Soysal,ENGR404,60
1938,Ahmet Esad Top,CENG317,90
1938,Baha Sen,CHEM101,120
1939,Mustafa Yeniad,TIT101,120
1939,Furkan Soysal,CENG209,90
1940,Ahmet Esad Top,CHEM101,120
1940,Baha Sen,ENGR404,120
1941,Mustafa Yeniad,ENGR404,120
1941,Arzu Erman,CENG317,60
1942,Ali Sevinc,TIT101,60
1942,Ali Sevinc,ENGR404,120
1943,Arzu Erman,TIT101,120
1943,Furkan Soysal,CENG209,90
1943,Ali Sevinc,CENG301,60
1944,Arzu Erman,CHEM101,90
1944,Ahmet Esad Top,CENG301,120
1945,Furkan Soysal,CENG209,120
1945,Ahmet Esad Top,TIT101,120
1946,Ahmet Esad Top,CHEM101,120
1946,Ali Sevinc,TIT101,90
1947,Baha Sen,ENGR404,90
1947,Ali Sevinc,CENG301,60
1948,Ahmet Esad Top,ENGR404,60
1948,Arzu Erman,CENG209,120
1949,Ahmet Esad Top,CENG209,90
1949,Furkan Soysal,ENGR404,120
1950,Arzu Erman,TIT101,60
1950,Baha Sen,CENG301,60
1950,Mustafa Yeniad,CHEM101,60
1951,Ali Sevinc,TIT101,90
1951,Furkan Soysal,CHEM101,60
1952,Arzu Erman,TIT101,60
1952,Ali Sevinc,CENG209,120
1952,Furkan Soysal,CENG301,120
1953,Baha Sen,CENG301,90
1953,Ahmet Esad Top,CENG209,120
1953,Ali Sevinc,CENG317,60
1954,Arzu Erman,ENGR404,90
1954,Ahmet Esad Top,TIT101,90
1955,Mustafa Yeniad,ENGR404,120
1955,Ahmet Esad Top,CHEM101,90
1956,Furkan Soysal,CENG317,90
1956,Ahmet Esad Top,TIT101,60
1956,Furkan Soysal,CENG301,90
1957,Baha Sen,CENG301,90
1957,Ali Sevinc,CENG317,90
1958,Furkan Soysal,CENG209,90
1958,Furkan Soysal,ENGR404,60
1958,Mustafa Yeniad,CHEM101,60
1959,Arzu Erman,TIT101,90
1959,Mustafa Yeniad,ENGR404,120
1960,Furkan Soysal,CENG301,90
1960,Mustafa Yeniad,ENGR404,60
1961,Baha Sen,CHEM101,60
1961,Mustafa Yeniad,ENGR404,120
1962,Furkan Soysal,TIT101,90
1962,Mustafa Yeniad,ENGR404,90
1963,Furkan Soysal,CENG301,120
1963,Furkan Soysal,CENG317,90
1963,Mustafa Yeniad,ENGR404,90
1964,Ali Sevinc,ENGR404,90
1964,Arzu Erman,TIT101,60
1965,Ahmet Esad Top,TIT101,90
1965,Ali Sevinc,ENGR404,120
1965,Ali Sevinc,CENG209,90
1966,Arzu Erman,TIT101,90
1966,Baha Sen,ENGR404,120
1967,Mustafa Yeniad,CENG209,90
1967,Ali Sevinc,CENG317,60
1968,Ali Sevinc,CENG301,120
1968,Ali Sevinc,CENG209,60
1969,Ahmet Esad Top,CENG317,90
1969,Baha Sen,CENG301,60
1970,Mustafa Yeniad,CHEM101,120
1970,Arzu Erman,ENGR404,90
1971,Ahmet Esad Top,CENG209,60
1971,Ahmet Esad Top,CHEM101,120
1972,Furkan Soysal,CENG301,120
1972,Ali Sevinc,CHEM101,60
1972,Furkan Soysal,CENG317,60
1973,Arzu Erman,CENG209,90
1973,Ahmet Esad Top,CHEM101,90
1973,Arzu Erman,ENGR404,120
1974,Mustafa Yeniad,CENG317,60
1974,Ahmet Esad Top,CHEM101,120
1975,Furkan Soysal,ENGR404,120
1975,Ahmet Esad Top,CENG317,90
1976,Ali Sevinc,TIT101,90
1976,Furkan Soysal,ENGR404,120
1977,Ahmet Esad Top,CENG301,120
1977,Ali Sevinc,TIT101,120
1978,Ali Sevinc,CENG301,120
1978,Furkan Soysal,CENG317,90
1979,Mustafa Yeniad,TIT101,90
1979,Ali Sevinc,CENG301,90
1980,Ahmet Esad Top,TIT101,120
1980,Ahmet Esad Top,ENGR404,120
1980,Arzu Erman,CENG301,120
1981,Furkan Soysal,CHEM101,120
1981,Arzu Erman,CENG317,120
1981,Ali Sevinc,ENGR404,90
1982,Furkan Soysal,CENG317,120
1982,Arzu Erman,TIT101,90
1983,Ahmet Esad Top,CHEM101,60
1983,Furkan Soysal,CENG301,60
1983,Ali Sevinc,TIT101,90
1984,Ali Sevinc,TIT101,120
1984,Ali Sevinc,ENGR404,90
1984,Ahmet Esad Top,CHEM101,120
1985,Ali Sevinc,ENGR404,90
1985,Baha Sen,CENG209,90
1986,Baha Sen,TIT101,120
1986,Ali Sevinc,CENG301,60
1987,Arzu Erman,CENG209,60
1987,Mustafa Yeniad,ENGR404,120
1988,Ali Sevinc,CENG317,120
1988,Ali Sevinc,CENG301,120
1988,Baha Sen,CHEM101,90
1989,Baha Sen,CENG317,90
1989,Arzu Erman,CHEM101,60
1990,Arzu Erman,ENGR404,90
1990,Mustafa Yeniad,CENG317,120
1991,Arzu Erman,TIT101,60
1991,Ahmet Esad Top,CENG209,90
1991,Arzu Erman,CENG301,60
1992,Furkan Soysal,CENG317,120
1992,Baha Sen,CENG209,60
1993,Ali Sevinc,CENG317,90
1993,Baha Sen,CHEM101,120
1994,Ali Sevinc,CENG301,120
1994,Baha Sen,TIT101,120
1994,Ahmet Esad Top,CHEM101,60
1995,Baha Sen,CENG317,120
1995,Furkan Soysal,ENGR404,60
1996,Ali Sevinc,ENGR404,90
1996,Arzu Erman,TIT101,60
1997,Arzu Erman,CENG209,90
1997,Arzu Erman,TIT101,60
1997,Ali Sevinc,CHEM101,90
1998,Furkan Soysal,CENG301,120
1998,Arzu Erman,ENGR404,120
1998,Arzu Erman,CHEM101,60
1999,Baha Sen,CHEM101,90
1999,Ahmet Esad Top,CENG317,120
1999,Ahmet Esad Top,CENG301,60
